{
    "parent": "item/handheld",
    "textures": {
        "layer0": "item/iron_sword"
    },
    "overrides": [
		{ "predicate": { "custom_model_data": 6420013 }, "model": "complus:item/iron_katana" },
		{ "predicate": { "custom_model_data": 6420028 }, "model": "complus:item/iron_sickle" },
		{ "predicate": { "custom_model_data": 6420033 }, "model": "complus:item/iron_scythe" },
		{ "predicate": { "custom_model_data": 6420038 }, "model": "complus:item/iron_mace" },
		{ "predicate": { "custom_model_data": 6420043 }, "model": "complus:item/iron_hammer" }
	]
}
